{
  "accuracy": 1.0,
  "precision": 0.9999999999666667,
  "recall": 0.9999999999666667,
  "f1_score": 0.9999999999166667,
  "confusion_matrix": {
    "true_positive": 3,
    "false_positive": 0,
    "true_negative": 2,
    "false_negative": 0
  },
  "misclassified_count": 0
}